Year,Annual_Rainfall_mm,Monsoon_Rainfall_mm,Winter_Rainfall_mm,Rainy_Days,Avg_Max_Temp_C,Monsoon_Onset_Date,Category,Departure_from_750mm_LPA_Percent,Notable_AgroMet_Event
1925,742,565,95,46,32.8,"Jun 05","Normal","-1.1%","Timely monsoon onset; standard Kharif paddy output"
1926,810,620,110,50,32.6,"Jun 08","Normal","+8.0%","Abundant late August showers; tank filling"
1927,690,520,85,42,33.1,"Jun 12","Normal","-8.0%","Moderate dry spell in July; recovered in September"
1928,920,710,135,56,32.4,"Jun 03","Excess","+22.7%","Heavy cyclonic depression in October; high stream runoff"
1929,580,430,60,36,33.5,"Jun 18","Deficit","-22.7%","Delayed monsoon; early crop moisture stress"
1930,765,580,105,48,32.9,"Jun 07","Normal","+2.0%","Good distribution for groundnut and pulses"
1931,840,640,120,52,32.7,"Jun 06","Normal","+12.0%","Bumper millet harvest across Deccan plateau"
1932,715,545,85,44,33.0,"Jun 10","Normal","-4.7%","Satisfactory reservoir levels in Krishna catchment"
1933,960,740,145,58,32.3,"Jun 02","Excess","+28.0%","Flash floods along Musi river tributaries"
1934,620,470,70,38,33.4,"Jun 15","Deficit","-17.3%","Dry October; reduced Rabi crop acreage"
1935,780,590,100,47,32.9,"Jun 08","Normal","+4.0%","Balanced seasonal rainfall"
1936,830,630,115,51,32.8,"Jun 05","Normal","+10.7%","Strong September monsoon pulse"
1937,510,380,55,32,33.9,"Jun 22","Severe Drought","-32.0%","Severe drought in Nalgonda & Mahabubnagar"
1938,885,680,125,54,32.5,"Jun 04","Normal","+18.0%","Excellent recovery year with recharged dug wells"
1939,730,550,95,45,33.0,"Jun 09","Normal","-2.7%","Steady yields in red gram and jowar"
1940,795,605,110,49,32.9,"Jun 07","Normal","+6.0%","Well distributed southwest monsoon"
1941,540,400,60,34,33.8,"Jun 20","Severe Drought","-28.0%","Acute fodder shortage and dried minor irrigation tanks"
1942,860,660,120,53,32.7,"Jun 05","Normal","+14.7%","Good Kharif harvest across Telangana districts"
1943,720,545,90,44,33.1,"Jun 11","Normal","-4.0%","Average rainfall with normal paddy transplanting"
1944,910,700,130,55,32.5,"Jun 03","Excess","+21.3%","Copious rain in Krishna basin"
1945,680,510,85,41,33.3,"Jun 14","Normal","-9.3%","Short monsoon break in late August"
1946,775,590,105,48,33.0,"Jun 08","Normal","+3.3%","Optimal soil moisture for dryland pulses"
1947,825,630,115,50,32.8,"Jun 06","Normal","+10.0%","Favorable rainfall in year of Indian Independence"
1948,710,540,85,43,33.2,"Jun 12","Normal","-5.3%","Normal seasonal progression"
1949,890,685,130,54,32.6,"Jun 04","Normal","+18.7%","Active wet phase with full village water bodies"
1950,755,575,100,47,33.0,"Jun 08","Normal","+0.7%","Balanced monsoon pattern"
1951,590,440,65,37,33.6,"Jun 19","Deficit","-21.3%","First national drought of post-independence era"
1952,630,480,70,39,33.5,"Jun 16","Deficit","-16.0%","Successive lower rainfall; focus on borewells"
1953,980,760,150,59,32.3,"Jun 01","Excess","+30.7%","Massive floods along Godavari & Krishna basins"
1954,740,560,95,46,33.1,"Jun 09","Normal","-1.3%","Stable Kharif paddy season"
1955,870,670,125,53,32.7,"Jun 05","Normal","+16.0%","Excellent monsoon; Nagarjuna Sagar project initiated"
1956,940,725,140,57,32.4,"Jun 02","Excess","+25.3%","Formation of Andhra Pradesh; surplus agricultural output"
1957,685,520,85,42,33.3,"Jun 13","Normal","-8.7%","Moderate dry spells during tillering stage"
1958,815,620,115,50,32.9,"Jun 07","Normal","+8.7%","Good cotton and castor yields in Nalgonda"
1959,770,585,105,48,33.0,"Jun 08","Normal","+2.7%","Steady ground water recharge"
1960,760,580,100,47,33.1,"Jun 08","Normal","+1.3%","Normal rainfall year"
1961,850,650,120,52,32.8,"Jun 05","Normal","+13.3%","Above average monsoon rainfall"
1962,705,535,85,43,33.2,"Jun 11","Normal","-6.0%","Moderate rainfall"
1963,820,625,115,50,32.9,"Jun 07","Normal","+9.3%","Good vegetative growth in millets"
1964,915,705,135,55,32.6,"Jun 03","Excess","+22.0%","High intensity rainfall events"
1965,495,360,50,29,34.2,"Jun 24","Severe Drought","-34.0%","Severe all-India drought; food security challenge"
1966,520,385,55,31,34.1,"Jun 21","Severe Drought","-30.7%","Consecutive drought year; catalyzed Green Revolution"
1967,835,640,115,51,32.8,"Jun 06","Normal","+11.3%","Recovery year; launch of High Yielding Varieties"
1968,610,460,70,37,33.6,"Jun 17","Deficit","-18.7%","Dry conditions in southern mandals"
1969,785,595,105,48,33.0,"Jun 08","Normal","+4.7%","Timely monsoon showers"
1970,895,690,130,54,32.7,"Jun 04","Normal","+19.3%","High yield season for newly introduced IR-8 paddy"
1971,725,550,90,44,33.2,"Jun 10","Normal","-3.3%","Normal agricultural season"
1972,460,320,45,26,34.5,"Jun 26","Severe Drought","-38.7%","The Great 1972 Deccan Drought; severe water & food distress"
1973,875,675,125,53,32.8,"Jun 05","Normal","+16.7%","Substantial revival in agricultural production"
1974,695,525,85,42,33.3,"Jun 13","Normal","-7.3%","Average rainfall year"
1975,1020,790,160,62,32.2,"May 31","Excess","+36.0%","All-time high rainfall; massive reservoir inflows"
1976,640,485,75,39,33.5,"Jun 15","Deficit","-14.7%","Monsoon withdrawal two weeks early"
1977,950,730,150,58,32.5,"Jun 03","Excess","+26.7%","Diviseema Cyclone impacted eastern Andhra & Telangana"
1978,830,635,115,50,32.9,"Jun 07","Normal","+10.7%","Good Kharif and Rabi outputs"
1979,570,420,65,35,33.7,"Jun 20","Deficit","-24.0%","Deficit monsoon impacting dryland farming"
1980,810,615,115,49,33.0,"Jun 07","Normal","+8.0%","Steady monsoon revival"
1981,865,665,125,52,32.8,"Jun 05","Normal","+15.3%","Bumper cotton crop in Nalgonda black soils"
1982,605,450,70,37,33.7,"Jun 18","Deficit","-19.3%","Strong El Niño event caused dry spells"
1983,1040,810,165,63,32.3,"May 30","Excess","+38.7%","Historic deluge; unprecedented Krishna river crest levels"
1984,670,500,85,41,33.4,"Jun 14","Normal","-10.7%","Average agricultural performance"
1985,560,415,60,34,33.8,"Jun 20","Deficit","-25.3%","Groundwater depletion noticed in granitic aquifers"
1986,790,600,110,48,33.1,"Jun 08","Normal","+5.3%","Normal monsoon with steady tank levels"
1987,480,330,50,28,34.4,"Jun 25","Severe Drought","-36.0%","Catastrophic 1987 El Niño Drought across India"
1988,975,755,145,59,32.5,"Jun 02","Excess","+30.0%","Dramatic rebound; all irrigation tanks filled"
1989,825,630,115,50,33.0,"Jun 07","Normal","+10.0%","Good yields in commercial crops"
1990,890,685,130,54,32.8,"Jun 04","Normal","+18.7%","Strong Bay of Bengal depressions"
1991,735,555,95,45,33.3,"Jun 10","Normal","-2.0%","Consistent seasonal rainfall"
1992,660,495,80,40,33.5,"Jun 15","Normal","-12.0%","Below-average rains in central Nalgonda mandals"
1993,795,605,110,49,33.1,"Jun 08","Normal","+6.0%","Timely sowing of castor and groundnut"
1994,820,625,115,50,33.0,"Jun 06","Normal","+9.3%","Active monsoon phase across southern Telangana"
1995,935,720,140,56,32.6,"Jun 03","Excess","+24.7%","Excessive post-monsoon rains in November"
1996,880,675,130,53,32.8,"Jun 05","Normal","+17.3%","High paddy yields in canal ayacut areas"
1997,615,460,70,37,33.7,"Jun 18","Deficit","-18.0%","Super El Niño year; delayed rainfall onset"
1998,965,745,145,58,33.1,"Jun 02","Excess","+28.7%","Heavy rainfall following record summer heatwave"
1999,710,535,90,43,33.4,"Jun 12","Normal","-5.3%","Near-normal rainfall distribution"
2000,920,710,135,55,33.0,"Jun 05","Excess","+22.7%","August 2000 Hyderabad & Nalgonda cloudburst floods"
2001,680,510,85,41,33.5,"Jun 13","Normal","-9.3%","Dry spells during pod development"
2002,470,325,50,27,34.6,"Jun 25","Severe Drought","-37.3%","All-India severe drought; worst July rainfall in 100 years"
2003,845,650,120,51,33.1,"Jun 07","Normal","+12.7%","Strong recovery in groundwater and farm output"
2004,590,435,65,36,33.9,"Jun 19","Deficit","-21.3%","Deficit monsoon causing stress in rainfed cotton"
2005,995,775,155,60,32.7,"Jun 02","Excess","+32.7%","Multiple cyclonic depressions; high runoff"
2006,760,580,100,47,33.3,"Jun 09","Normal","+1.3%","Good Kharif season"
2007,890,685,130,53,33.0,"Jun 06","Normal","+18.7%","Abundant late-season rains"
2008,815,620,115,49,33.2,"Jun 08","Normal","+8.7%","Stable agro-climatic conditions"
2009,530,380,60,32,34.3,"Jun 22","Severe Drought","-29.3%","October 2009 Krishna basin mega flood following dry monsoon"
2010,1060,830,170,64,32.5,"May 31","Excess","+41.3%","Extremely wet year with record tank storage"
2011,650,485,80,40,33.6,"Jun 15","Normal","-13.3%","Moderate deficit in rainfed areas"
2012,780,595,105,48,33.3,"Jun 09","Normal","+4.0%","Normal season for paddy and cotton"
2013,950,740,145,57,32.8,"Jun 03","Excess","+26.7%","Phailin and Helen cyclone rain bands"
2014,510,365,55,31,34.4,"Jun 23","Severe Drought","-32.0%","Telangana state formation year; drought stress"
2015,540,390,60,33,34.5,"Jun 21","Severe Drought","-28.0%","Successive drought year; Mission Kakatiya tank rejuvenation"
2016,910,710,130,55,33.2,"Jun 05","Excess","+21.3%","Heavy September rainfall; tanks overflowed"
2017,775,590,105,48,33.4,"Jun 08","Normal","+3.3%","Favorable crop conditions"
2018,620,465,75,38,33.9,"Jun 16","Deficit","-17.3%","Prolonged dry spells in August"
2019,890,690,130,53,33.3,"Jun 14","Normal","+18.7%","Late onset but exceptionally heavy September-October rains"
2020,1120,880,180,67,32.4,"Jun 04","Excess","+49.3%","Historic October 2020 torrential floods; all reservoirs full"
2021,980,760,150,59,32.8,"Jun 05","Excess","+30.7%","La Niña driven wet year; excellent paddy yield"
2022,1080,850,165,65,32.6,"Jun 03","Excess","+44.0%","July 2022 historic Godavari & Krishna floods"
2023,690,520,85,42,34.1,"Jun 18","Normal","-8.0%","El Niño influence; dry August but revived in September"
2024,940,735,140,57,33.2,"Jun 06","Excess","+25.3%","Heavy monsoon with multiple deep depressions"
2025,860,670,125,52,33.4,"Jun 08","Normal","+14.7%","Above normal Kharif monsoon; successful farm-gate yields"
